"oh ok, thank you",conversational-ok
"Oh ok, great!  Thank you",conversational-ok
Okay. Thanks so much.,conversational-ok
"Okay, awesome. Thank you",conversational-ok
"OK, thanks",conversational-ok
"Okay, thanks a lot.",conversational-ok
Okay. Thank you.,conversational-ok
"Oh, Okay. thanks you.",conversational-ok
okay thanks.,conversational-ok
Ok  thank you,conversational-ok
"Ok great, thanks a lot.",conversational-ok
Ok well thank you,conversational-ok
"Okay great, thanks!",conversational-ok
Alright. thank you,conversational-ok
Ok thank you anyways,conversational-ok
Ok great. Thank you,conversational-ok
Hi. My name is Joyce Wu.  My Account ID is AXAAQRAHZG.,background-define_name
Hi.  My name is Joseph Banter.  My account ID is QMNFFJKHWZ.,background-define_name
"Hey, my name is David Williams",background-define_name
"Hi, my name's David Williams",background-define_name
Hi! I'm David Williams.,background-define_name
"Hi, my name's David Williams, a gold member there",background-define_name
Hello my name isDavid Williams,background-define_name
My name is Alessandro PHoenix,background-define_name
"Hi, my name is Joyce Wu",background-define_name
"Hi, my name is David Williams, Gold member",background-define_name
My name is Joyce Wu.,background-define_name
Im David Williams,background-define_name
David Williams here,background-define_name
"Hi, my name's Joseph Banter",background-define_name
"Hi, my name is Alessandro",background-define_name
Hi there my name is Joyce Wu,background-define_name
Hello! My name is Alessandro Phoenix,background-define_name
Hello my name is David Williams,background-define_name
"Hello, my name is Joyce Wu",background-define_name
"Hi, My name is David Williams",background-define_name
Hello. I'm trying to check on the status of my order,shipping_issues-status_order
Hi. I need to check the status of my order/,shipping_issues-status_order
I need to check my order status,shipping_issues-status_order
"Hi, I'd like to check the status of my order",shipping_issues-status_order
I need to check an order status,shipping_issues-status_order
"Hi, I need to check the status of an order I made",shipping_issues-status_order
"Hi, I need to check the status of my order please",shipping_issues-status_order
"Hi, i would like to check the status of my order",shipping_issues-status_order
"hi, i am trying to check on the status of my order",shipping_issues-status_order
"Hi, I'm trying to check on the status of my order.",shipping_issues-status_order
"Hi, I need to scheck the status of my order please.",shipping_issues-status_order
Hi I'm trying to check on my order's status.,shipping_issues-status_order
Hello. I need to check on the status of my order please,shipping_issues-status_order
I need to check the status of an order,shipping_issues-status_order
"Hi, I wanted to check on the status of my order",shipping_issues-status_order
I need to check the status of my order please,shipping_issues-status_order
i need to check on an order status,shipping_issues-status_order
I need to check the status of my order,shipping_issues-status_order
Can you tell me how long premium membership lasts after someone gets it?,membership_enquiries-premium_how_long_lasts
How long does a premium subscription last?,membership_enquiries-premium_how_long_lasts
"Hello, could you tell me how long the premium membership lasts?",membership_enquiries-premium_how_long_lasts
hi.....i am curious about how long a premium membership lasts. I have plans for buying a couple of things and I was curious about that particular membership.,membership_enquiries-premium_how_long_lasts
Hi! I was looking at doing some shopping and wanted to know how long does the premium membership lasts once I get it,membership_enquiries-premium_how_long_lasts
Hello I wanted to know how long a premium membership lasts?,membership_enquiries-premium_how_long_lasts
how long premium membership lasts for.,membership_enquiries-premium_how_long_lasts
I would like to know how long a premium membership lasts. I just bought one and I need to know how long I'll have these amazing benefits,membership_enquiries-premium_how_long_lasts
how long does a premium membership last?,membership_enquiries-premium_how_long_lasts
I was wondering if you could tell me how long a premium membership lasts. I want make some gift purchases while in my membership period.,membership_enquiries-premium_how_long_lasts
how long does premium membership last?,membership_enquiries-premium_how_long_lasts
I'm wondering specifically how long the premium membership lasts for once you get it.,membership_enquiries-premium_how_long_lasts
A subscription has been added to my account that I didn't want.,membership_enquiries-subscription_added_by_mistake
"Hi, a subscription was added to my account that I never requested.",membership_enquiries-subscription_added_by_mistake
You see I received an email saying that the subscription has been added to my account even though I did not want it,membership_enquiries-subscription_added_by_mistake
I got an email saying a subscription was added to my account but I dont want that.,membership_enquiries-subscription_added_by_mistake
I think a subscription was added to my account which I do not want.,membership_enquiries-subscription_added_by_mistake
Hi I think I was signed up for a subscription by mistake,membership_enquiries-subscription_added_by_mistake
I was checking on my account because it looks like that a subscription was added and I did not want the subscription,membership_enquiries-subscription_added_by_mistake
yes i just read an email stating that my subscription was added to my account even though i do not want it,membership_enquiries-subscription_added_by_mistake
I had a subscription added to my account and I didn't want it,membership_enquiries-subscription_added_by_mistake
"Hello, I think a subscription was mistakenly added to my account",membership_enquiries-subscription_added_by_mistake
Yes i was checking my account and i see that a subscription was added to my account and i didn't not want this add on,membership_enquiries-subscription_added_by_mistake
Hi! My account was charged for a subscription and I didn't want to sign up for that.,membership_enquiries-subscription_added_by_mistake
a subscription was added to my account and I did not want it,membership_enquiries-subscription_added_by_mistake
I just read an email saying that a subscription was added to my account. I didn't want that.,membership_enquiries-subscription_added_by_mistake
"Hi, I am concerned that a premium subscription was added to my account that I do not want.",membership_enquiries-subscription_added_by_mistake
All I see is a spinning wheel when I try to search for something.,technical_issues-search_issue-search_slow
Search bar is going forever,technical_issues-search_issue-search_slow
search is taking a long time all i see is a spinning wheel. what is going on? search bar does not work,technical_issues-search_issue-search_slow
The search wheel is going a long time and I wanna know what is happening?,technical_issues-search_issue-search_slow
Hi my computer is taking a long time to search and all I see is a spinning wheel,technical_issues-search_issue-search_slow
"Whenever I try to make a search, I see a spinning whell",technical_issues-search_issue-search_slow
"Hey, I can't search for anything. All I see is a spinning wheel when I try.",technical_issues-search_issue-search_slow
When i search for something is taking a long time and i see a wheel,technical_issues-search_issue-search_slow
Hi I'm only getting a spinning wheel in the search bar.  The search isn't working for me.,technical_issues-search_issue-search_slow
"But when I try to search for things on the site, all I see is a spinning wheel",technical_issues-search_issue-search_slow
The search function in the website doesn't seem to be working.  All I see is a spinning wheel.,technical_issues-search_issue-search_slow
All I'm seeing is a spinning wheel when I try to use the search bar!,technical_issues-search_issue-search_slow
I'm pretty frustrated because the search function doesn't seem to work.  It only shows a spinning wheel.,technical_issues-search_issue-search_slow
The search is taking a long time and all I see is a spinning wheel,technical_issues-search_issue-search_slow
the search is slow.  I just see a spinning wheel,technical_issues-search_issue-search_slow
Whenever I search it just has the spinning wheel like it is loading for some reason.,technical_issues-search_issue-search_slow
Hi. I have a shipping issue. The shipping cost on my most recent purchase was too high.,shipping_issues-shipping_cost
"Hi, the cost of shipping on my order was way too high",shipping_issues-shipping_cost
Hi. I need to check on a shipping issue. The shipping i paid seemed way too high.,shipping_issues-shipping_cost
Hi the cost of my shipping was too high,shipping_issues-shipping_cost
My shipping charges seem to be too high,shipping_issues-shipping_cost
The shipping cost is too high,shipping_issues-shipping_cost
The cost of shipping is too high,shipping_issues-shipping_cost
"I'm having an issue related to shipping, the price for it just seems really high.",shipping_issues-shipping_cost
The shipping was too expensive,shipping_issues-shipping_cost
The cost of shipping was too hight,shipping_issues-shipping_cost
Hi. I am having an issue with my shipment. The cost seems really high.,shipping_issues-shipping_cost
"Hi there, I recently purchased an item but the shipping cost seems way too high.",shipping_issues-shipping_cost
Hi my shipping cost was too high on a purchase I made,shipping_issues-shipping_cost
It seems like my cost of shipping was way too high,shipping_issues-shipping_cost
I felt the shipping cost was too high,shipping_issues-shipping_cost
"hi, the cost of shipping was too high",shipping_issues-shipping_cost
the cost of shipping appears to be too high,shipping_issues-shipping_cost
Hi! I am having an issue with my shipment. It seems like the shipping cost was incredibly high.,shipping_issues-shipping_cost
my cost of shipping was WAY too high,shipping_issues-shipping_cost
Hi I want to manage my shipping details because my situation has changed,shipping_issues-change_in_situation
I wanna manage my shipping details due to change in my living situation.,shipping_issues-change_in_situation
I want to manage my shipping details because my situation has changed,shipping_issues-change_in_situation
i lost the phone you use for two-factor authentication,login_issues-two_factor_issue
to remove the two factor authentication,login_issues-two_factor_issue
But I lost my phone to use for two factor authentication,login_issues-two_factor_issue
"Could I have the two factor authentication removed from my account, I lost my phone so I can't get the codes now",login_issues-two_factor_issue
Hi! I lost my phone and thus can't use my two-factor authentication.,login_issues-two_factor_issue
Can you help me reset my two factor authentication?,login_issues-two_factor_issue
my phone two factor authentication,login_issues-two_factor_issue
I lost the phone that I use for the two-factor authentication,login_issues-two_factor_issue
I lost my phone that I use for two factor authentication,login_issues-two_factor_issue
I can't access my account because I lost my cellphone that I use for authentication. Can you help me?,login_issues-two_factor_issue
for two factor authentication,login_issues-two_factor_issue
because the phone i use for my two factor password is lost,login_issues-two_factor_issue
"I need to access my account, but I can't get in because I lost my phone. Can you help me?",login_issues-two_factor_issue
But I can not access my account because I lost the phone i normally use  for two factor authentication.,login_issues-two_factor_issue
so no phone = no login,login_issues-two_factor_issue
I lost my 2-factor authentication phone.,login_issues-two_factor_issue
it says i need a 2 step verification but i can't do that,login_issues-two_factor_issue
***two-factor authentication,login_issues-two_factor_issue
it want a two factor authentication,login_issues-two_factor_issue
since i can't get past my two factor authentication,login_issues-two_factor_issue
I lost my phone when I went on vacation and that is what I use for my two-factor authentication,login_issues-two_factor_issue
I can't access my account because I use two-factor authentication.,login_issues-two_factor_issue
you see I have lost my phone that I use for two-factor authentication.,login_issues-two_factor_issue
now my home pc won't let me 2 factor authenticate..,login_issues-two_factor_issue
I lost the phone I used for the two factor authentication,login_issues-two_factor_issue
without two-factor authentication,login_issues-two_factor_issue
it wants me to 2 factor authentification again,login_issues-two_factor_issue
Can you help me login? I lost my phone,login_issues-two_factor_issue
I lost my phone which I was using for two-factor authentication,login_issues-two_factor_issue
I lost the phone I use for two factor authentication,login_issues-two_factor_issue
I cannot do the two-factor authentication because I lost the phone connected to it,login_issues-two_factor_issue
But I have recently lost the phone that I use for two-factor authentication.,login_issues-two_factor_issue
Hi I can’t access my account because i lost my phone. What should I do about that?,login_issues-two_factor_issue
I lost my phone with 2 factor authentication,login_issues-two_factor_issue
"Hi, I've got a bit of a problem. I want to log in to my account, but I can't access it. I set up 2-factor authentication on my account, but I lost the phone I use for the two-factor authentication. Is there anything I can do to get into my account?",login_issues-two_factor_issue
please reset the two factor authenticator.,login_issues-two_factor_issue
I have lost the phone I use for two factor authentication,login_issues-two_factor_issue
my phone broke and it's what I use for 2 factor authentication,login_issues-two_factor_issue
The phone I had for two-factor authentication was lost,login_issues-two_factor_issue
"Hi, I cannot access my account; I can't use the two-factor authentication I have set up.",login_issues-two_factor_issue
2 factor authentify,login_issues-two_factor_issue
But I have lost the phone I use for two-factor authentication,login_issues-two_factor_issue
I lost my phone and can't use the two-factor authentication,login_issues-two_factor_issue
for the two factor authentication.,login_issues-two_factor_issue
Hi I lost my phone number for my two factor authentication,login_issues-two_factor_issue
I lost the phone I was using for two-factor authentication.,login_issues-two_factor_issue
"hi, I forgot my username and can't login to my account.",login_issues-forgot_username
i forgot my user name and i cant get into my account!,login_issues-forgot_username
"so i can't remember my username.  i was hoping to looking at my account history online, but i can't get in because i don't have the username :/",login_issues-forgot_username
i don't seem to have a username,login_issues-forgot_username
i cannot access your account because you forgot my username.,login_issues-forgot_username
"HI, I forgot my username and can't login",login_issues-forgot_username
But I can not access my account because I forgot my username,login_issues-forgot_username
im not sure of the username,login_issues-forgot_username
not sure what my username is,login_issues-forgot_username
I can't remember my username! I feel so upset,login_issues-forgot_username
but i cant seem to remember my username :(,login_issues-forgot_username
I can't remember my username! I think my memory is getting worse,login_issues-forgot_username
Hello. I forgot my username and can't log in.,login_issues-forgot_username
"Hi, I can't login into my account because I forgot my username.",login_issues-forgot_username
i would like to have access to my account. i forgot my username,login_issues-forgot_username
I can't seem to remember my username.,login_issues-forgot_username
i am unable to login and the login screen says it is because i forgot my username.,login_issues-forgot_username
Can you please tell me my username.  I completely forgot it.  Thanks.,login_issues-forgot_username
I can't remember my own username! lol,login_issues-forgot_username
I can't remember my username,login_issues-forgot_username
But I can't access my account because I forgot my username,login_issues-forgot_username
no username here...I don't remember it,login_issues-forgot_username
can't remeber the email I used,login_issues-forgot_username
it seems I can't remember my username,login_issues-forgot_username
I actually don't remember my username off the top of my head,login_issues-forgot_username
"it's kind of embarrassing, but I seem to have forgotten my username, can you help with that?",login_issues-forgot_username
I don't remember what my username is,login_issues-forgot_username
yes i'm trying to view my shopping history online but can't access my account because i forgot my username,login_issues-forgot_username
And I can't remember my username,login_issues-forgot_username
think i could have mixed up usernames as the passwords not wrong,login_issues-forgot_username
i cant access y account bc i forgot my username,login_issues-forgot_username
But I don't remember my username,login_issues-forgot_username
i can't remember my email,login_issues-forgot_username
hey. I forgot my username.,login_issues-forgot_username
Dang it! I forgot my username.,login_issues-forgot_username
Hi! I can't login to my account because I can't remember my username.,login_issues-forgot_username
hi! I was trying to access my account but I seem to have forgotten my username,login_issues-forgot_username
but I've forgotten my username,login_issues-forgot_username
i am unable to log in because i forgot what my username is.,login_issues-forgot_username
hey dumb problem but I'm not sure I remember my username,login_issues-forgot_username
I don't remember username,login_issues-forgot_username
uggh i'm so annoyed,feedback-upset
I am kind of annoyed!,feedback-upset
I'm very upset about this,feedback-upset
I am so tired of it,feedback-upset
"Hi. I am a little upset today, to be honest",feedback-upset
im so frustrated!!!,feedback-upset
I'm so relieved,feedback-upset
Ugh I'm pretty annoyed right now.,feedback-upset
I am upset about this,feedback-upset
This is really disappointing to me,feedback-upset
was scared for a moment,feedback-upset
This is really annoying,feedback-upset
i was scared for a bit,feedback-upset
So today I had a very frustrating experience,feedback-upset
I'm SO upset,feedback-upset
And I am very upset,feedback-upset
I was so upset,feedback-upset
i feel really upset,feedback-upset
It's making me crazy,feedback-upset
Yes i really upset at the moment,feedback-upset
I am really upset today,feedback-upset
I'm very disappointed,feedback-upset
It's really frustrating,feedback-upset
ugh im so frusterted,feedback-upset
sorry. it is making me so grumpy,feedback-upset
I am so upset that I fell for it!,feedback-upset
this is too much hassle!!!,feedback-upset
I am so annoyed!,feedback-upset
"oh man, this is so embarassing",feedback-upset
So annoying,feedback-upset
I’m very upset about it,feedback-upset
That's crazy. I'm not too happy.,feedback-upset
it is very frustratimg,feedback-upset
I am so upset,feedback-upset
that's why I'm so upset,feedback-upset
this is ridiculous,feedback-upset
its kind frustrating,feedback-upset
That's so upsetting,feedback-upset
i am so mad,feedback-upset
I was interested in premium membership,membership_enquiries-premium_signup
I want to make sure I have a premium subscription,membership_enquiries-premium_signup
To a premium membership,membership_enquiries-premium_signup
I need to extend my premium subscription,membership_enquiries-premium_signup
I still want premium service,membership_enquiries-premium_signup
i want to get a premium membership,membership_enquiries-premium_signup
I might want a premium membership,membership_enquiries-premium_signup
I want to make sure I keep my premium subscription,membership_enquiries-premium_signup
I want to pay my premium annual subscription,membership_enquiries-premium_signup
I want to sign up for a premium subscription,membership_enquiries-premium_signup
for premium subscription,membership_enquiries-premium_signup
I amount of the premium subscription,membership_enquiries-premium_signup
I would like to extend my premium subscription,membership_enquiries-premium_signup
Hi! The promo code I'm trying to use isnt working,technical_issues-promo_code_issue
Promo code I'm using is not working,technical_issues-promo_code_issue
Hi I'm having a problem with a promo code. Can you help?,technical_issues-promo_code_issue
My promo code isn't working,technical_issues-promo_code_issue
I'm having trouble using a promo code.,technical_issues-promo_code_issue
Hi I’m having trouble with the promo code,technical_issues-promo_code_issue
"Hi, my promo code isn't working!",technical_issues-promo_code_issue
"I'm having trouble today, my promo code isn't working",technical_issues-promo_code_issue
Hello. I have an issue with my promo code,technical_issues-promo_code_issue
Hello. I have a problem with my promo code,technical_issues-promo_code_issue
My promo code is invalid or something,technical_issues-promo_code_issue
"Hello, the promo code I have been trying to use is coming up invalid",technical_issues-promo_code_issue
I have a problem with my promo code,technical_issues-promo_code_issue
I have an issue with my promo code,technical_issues-promo_code_issue
Hello. I have a problem with my promo code. Can you help me?,technical_issues-promo_code_issue
Hi! My promo code that I got 2 days ago is not working,technical_issues-promo_code_issue
I am having trouble using a promo code,technical_issues-promo_code_issue
The promo code I'm trying to use is invalid,technical_issues-promo_code_issue
well i'm locked out of my account :(,login_issues-general_cant_login
Hello. I can't get into my account,login_issues-general_cant_login
"Hi, I can't log into my account",login_issues-general_cant_login
hey I wanted to see my shopping history but I can't access my account,login_issues-general_cant_login
but I can not access my account,login_issues-general_cant_login
Hi I have an issue logging into my account,login_issues-general_cant_login
yes to get into my account because i forgot it,login_issues-general_cant_login
Can you help me figure out how to login?,login_issues-general_cant_login
anything i can do to get back into my account?,login_issues-general_cant_login
"hi, I'm having a little issue logging into my account",login_issues-general_cant_login
I can't access my acc,login_issues-general_cant_login
I have an issue getting into my account,login_issues-general_cant_login
Now I can't access my acc,login_issues-general_cant_login
I have an issue getting to my account,login_issues-general_cant_login
hey so I'm locked out of my own account,login_issues-general_cant_login
"Hi, I can't access my account",login_issues-general_cant_login
in an unfortunate turn of events I am now unable to access my account!,login_issues-general_cant_login
Now can't access my acc.,login_issues-general_cant_login
access to my account,login_issues-general_cant_login
I can't log into my account,login_issues-general_cant_login
Could you help me get it back onto my account?,login_issues-general_cant_login
I can't access my account,login_issues-general_cant_login
so I can't log in,login_issues-general_cant_login
Can you please help me access my account,login_issues-general_cant_login
cannot access my account,login_issues-general_cant_login
and can't log in on my laptop anymore,login_issues-general_cant_login
"Hi there, I was wondering how much it would cost to have my name stitched on an item I was thinking of ordering.",shopping_issues-embroidery_price_request
"Hi, I am thinking of buying an item and would like to know the price of adding my name to one of the items.",shopping_issues-embroidery_price_request
I am thinking about getting my name stitched onto a jacket. Can you tell me how much that will cost?,shopping_issues-embroidery_price_request
Hi! I'm wondering what the price would be to have my name stitched on one of my items!,shopping_issues-embroidery_price_request
"Hello, I was wondering what is the price of stitching my name to one of your items?",shopping_issues-embroidery_price_request
I was curious about getting my name embroidered onto an item and how much it would cost,shopping_issues-embroidery_price_request
how much is it to stitch my name to one of my items?,shopping_issues-embroidery_price_request
I would like to know the price to stitch my name on one of your items?,shopping_issues-embroidery_price_request
"Hello, I am curious on how much it would cost to stitch my name in a pair of Michael Kors boots.",shopping_issues-embroidery_price_request
How much does it cost to stitch my name on a clothing item,shopping_issues-embroidery_price_request
What is the price of stitching my name to one of my items?,shopping_issues-embroidery_price_request
I would like to know the price of stitching my name onto one of your items?,shopping_issues-embroidery_price_request
I was thinking of buying a Tommy Hilfiger shirt for my brother and I was wondering how much it would cost to get a name stitched on there?,shopping_issues-embroidery_price_request
I need to the price of the stitching,shopping_issues-embroidery_price_request
Yes i would like to know the price of stitching my name one ite?,shopping_issues-embroidery_price_request
How much is it to stitch my name to an item?,shopping_issues-embroidery_price_request
How much would it cost to get custome stitching done?,shopping_issues-embroidery_price_request
Hello there.,conversational-greeting
Good afternoon,conversational-greeting
Hi good afternoon.,conversational-greeting
Hello hello hello!,conversational-greeting
Hi there!,conversational-greeting
Howdy!,conversational-greeting
Greetings!,conversational-greeting
hey,conversational-greeting
Good morning,conversational-greeting
I mean good afternoon,conversational-greeting
Hi!!!!,conversational-greeting
i would search for something and would get results that are unrelated.,technical_issues-search_issue-unrelated_results
"hello, my results are unrelatedou (??) want to find out what's going because it is frustrating?",technical_issues-search_issue-unrelated_results
"when I search for something, the results don't match my search",technical_issues-search_issue-unrelated_results
"Yes, when I try and find something, the results are unrelated. Can you help me?",technical_issues-search_issue-unrelated_results
Hello I keep getting unrelated search results and I'm getting frustated.,technical_issues-search_issue-unrelated_results
my search results are broken!,technical_issues-search_issue-unrelated_results
Hi! I was trying to search some items but the search results returned are completely unrealted.,technical_issues-search_issue-unrelated_results
"When I type something in, I get the wrong information",technical_issues-search_issue-unrelated_results
Hi I am having a problem searching for the items I want to buy. It's coming up with strange search results.,technical_issues-search_issue-unrelated_results
There are search results. But they are unrelated to what I'm typing,technical_issues-search_issue-unrelated_results
Whenever I try to search for something I'm getting results that are not related to what I searched for.,technical_issues-search_issue-unrelated_results
"When I type something into the search bar, the results don't seem to have anything to do with what I'm looking for!",technical_issues-search_issue-unrelated_results
my search results are unrelated,technical_issues-search_issue-unrelated_results
The search results are unrelated to what I type in.,technical_issues-search_issue-unrelated_results
"That did not seem to work, now the results are just unrelated to what I was searching for. If I look up coats it shows shirts.",technical_issues-search_issue-unrelated_results
"Hi, I am having issues with the site. Everytime I do a search unrelated items come up.",technical_issues-search_issue-unrelated_results
I search a product and results are not related,technical_issues-search_issue-unrelated_results
"Hello, I would like to know what the return policy is as I am looking to purchase something",shipping_issues-return_policy_query
I'm thinking about buying something but I want to know what your return policy is first,shipping_issues-return_policy_query
"Hi, what is your refund policy? I would like to buy a few things, but want to make sure I can get my money back if anything unfortunate happens...",shipping_issues-return_policy_query
what is the refund policy? i am thinking about buying stuff and would like to know about the refund policy,shipping_issues-return_policy_query
"Hello, I would like to know what the return policy is as I am thinking about purchasing something for a birthday",shipping_issues-return_policy_query
"Hi! Can you tell me about the return policy? I was thinking of buying a few things, but I want to make sure that I can return them if they don't fit.",shipping_issues-return_policy_query
Can you tell me your return policy?  I like to buy and return a lot of stuff.,shipping_issues-return_policy_query
"Hi there, I'm considering making a purchase but am wondering what your return policy is?",shipping_issues-return_policy_query
"Hello, I would like to know what the return policy is as I would like to order something soon",shipping_issues-return_policy_query
what is the return policy? I am thinking of buying things and just wanna know it,shipping_issues-return_policy_query
"Hello, I would like to know what the refund policy is because I am thinking of purchasing something",shipping_issues-return_policy_query
"What is the refund policy you guys offer? I'm interested in making a purchase, but I want to know what kind of assurance you all offer there.",shipping_issues-return_policy_query
"Hello, I'm thinking of purchasing something and wanted to know what your return policy is.",shipping_issues-return_policy_query
Can I change my shipping address?,shipping_issues-confirm_change_shipping_address
i need to change the shipping address,shipping_issues-confirm_change_shipping_address
"i wanted to confirm my shipping address, because i got an email that made it seem like the order was going to the wrong address",shipping_issues-confirm_change_shipping_address
I just want to confirm my shipping address,shipping_issues-confirm_change_shipping_address
"This is the address where I will be when the package arrives. I will not be at my home and would like the package shipped to the above address, please.",shipping_issues-confirm_change_shipping_address
please make sure that this is the address,shipping_issues-confirm_change_shipping_address
I wanna confirm the shipping address,shipping_issues-confirm_change_shipping_address
I would like to confirm the shipping address because i got an email implying otherwise,shipping_issues-confirm_change_shipping_address
"hi, i want to confirm my shipping address",shipping_issues-confirm_change_shipping_address
I would like to confirm the shipping address on my order.,shipping_issues-confirm_change_shipping_address
Hi I’d like to confirm my shipping address,shipping_issues-confirm_change_shipping_address
I want to confirm the shipping address of my order.,shipping_issues-confirm_change_shipping_address
"Hello, I would like to confirm my shipping address",shipping_issues-confirm_change_shipping_address
"I am not sure, maybe I put the wrong address",shipping_issues-confirm_change_shipping_address
Confirm shipping address,shipping_issues-confirm_change_shipping_address
I would like to confirm my shipping address because i got an email with the wrong shipping address on it,shipping_issues-confirm_change_shipping_address
I need to confirm shipping address,shipping_issues-confirm_change_shipping_address
I want to change the shipping address.,shipping_issues-confirm_change_shipping_address
"I want to confirm my shipping address, the email i got had the wrong address",shipping_issues-confirm_change_shipping_address
i want to confirm my shipping address,shipping_issues-confirm_change_shipping_address
I would like to confirm my shipping address,shipping_issues-confirm_change_shipping_address
I would like to confirm my shipping address because i got an email stating otherwise,shipping_issues-confirm_change_shipping_address
I need to confirm my shipping address.  I got an email saying it was going somewhere else.,shipping_issues-confirm_change_shipping_address
I would like to confirm my shipping address because I got an email implying otherwise,shipping_issues-confirm_change_shipping_address
my shipping address,shipping_issues-confirm_change_shipping_address
I think i have some missing credit worth $40 on my account,shopping_issues-missing_credit_on_account
"It says ""Delivered""",shopping_issues-missing_credit_on_account
I was checking my account and I believe that I have some missing credits that came from a subscription refund.,shopping_issues-missing_credit_on_account
I have missing credit on my account.,shopping_issues-missing_credit_on_account
hi i was supposed to have $40 worth of credit but its missing from my account,shopping_issues-missing_credit_on_account
I think i have some missing credits worth $40 on my account,shopping_issues-missing_credit_on_account
i think that i am missing 40 dollars of credits,shopping_issues-missing_credit_on_account
I think I'm missing about 40 dollars worth of credits on my account,shopping_issues-missing_credit_on_account
I believe that I am missing some credits from my account.,shopping_issues-missing_credit_on_account
I have credit missing on my account.,shopping_issues-missing_credit_on_account
Hi! I am missing my $40 credit,shopping_issues-missing_credit_on_account
I think I might have some missing credits worth $40,shopping_issues-missing_credit_on_account
I believe I am missing $40 worth of credits..,shopping_issues-missing_credit_on_account
I believe I have some missing credits worth $40,shopping_issues-missing_credit_on_account
hey that seemed to work! my search is normal now,technical_issues-search_issue-search_fixed
I just did a search and it went through like normal,technical_issues-search_issue-search_fixed
hey that seemed to work. I can find stuff now!,technical_issues-search_issue-search_fixed
"HEy, that works for me, I can search again",technical_issues-search_issue-search_fixed
"That seemed to work, my search is now working properly",technical_issues-search_issue-search_fixed
i can search normal now,technical_issues-search_issue-search_fixed
search is normal,technical_issues-search_issue-search_fixed
But I can search now,technical_issues-search_issue-search_fixed
the website is running really slow,technical_issues-website_slow
The website is very slow.,technical_issues-website_slow
"Hello, I am trying to get on the website however, I am having issues. The site is running extremely slow",technical_issues-website_slow
the website is just running really slow,technical_issues-website_slow
"Hi, the website is running really slow",technical_issues-website_slow
the website is SOOO Slow,technical_issues-website_slow
The search bar on your website BLOWS.,technical_issues-website_slow
"yeah, your website is just too laggy!",technical_issues-website_slow
"Hi.  My name is ALessandro Phoenix.  The website is really slow today, and I'm wondering what the issue is and if you can help fix it?",technical_issues-website_slow
The entire website is running slow.,technical_issues-website_slow
The website is running extremely slow today. The page expires before it loads and I don't think it is on my end. Have you been having issues with it?,technical_issues-website_slow
Hi. The website is running really slowly.,technical_issues-website_slow
HI.  My name is Crystal Minh.  I am having issues with the website running really slow.,technical_issues-website_slow
"like, glacially slow",technical_issues-website_slow
Website is too slow to use.,technical_issues-website_slow
The website is too slow.,technical_issues-website_slow
"Hello there, I'm having some issues with navigating the website, it's running really slow",technical_issues-website_slow
"Hi, is there an issue with the website right now? it's really slow",technical_issues-website_slow
Website is going too slow,technical_issues-website_slow
The website is slow. What is the issue?,technical_issues-website_slow
it is also slow on another website,technical_issues-website_slow
Hi.  My name is Sanya Afzal.  I am having issues with the website running very slow.,technical_issues-website_slow
"Hi I have an issue with your website. Things are running really slow, Is there something going on?",technical_issues-website_slow
But your website is soooooooo slow,technical_issues-website_slow
hi! the website is really working slowly.,technical_issues-website_slow
but the website is running slow,technical_issues-website_slow
The overall website runs slow.,technical_issues-website_slow
"Hi, I'm trying to make a purchase but my credit card keeps being rejected",technical_issues-rejected_credit_card
"Hello, I am trying to purchase something and my credit card keeps getting rejected",technical_issues-rejected_credit_card
Hi. I'm trying to finalize my purchase but for some reason my credit card keeps getting declined. Can you help me?,technical_issues-rejected_credit_card
I want to purchase something but my credit card keeps getting rejected,technical_issues-rejected_credit_card
"Hi, I'm trying to check out but my card keeps getting rejected.",technical_issues-rejected_credit_card
Hi. I'm trying to buy something but my credit card won't go through,technical_issues-rejected_credit_card
Help! My credit card keeps getting rejected when I try to buy stuff.,technical_issues-rejected_credit_card
"Hi, I'm trying to make a purchase but my card keeps getting rejected.",technical_issues-rejected_credit_card
"Hey I'm trying to buy something buy my card keeps getting declined, what's going on?",technical_issues-rejected_credit_card
It keeps rejecting my card when I try to order stuff,technical_issues-rejected_credit_card
"Hello! I keep trying to make a purchase, yet my credit card keeps getting rejected. I know for a fact that my credit card has no issues, what is the problem here? Please help!",technical_issues-rejected_credit_card
trying to buy something and my card keeps getting rejected,technical_issues-rejected_credit_card
Hello I am trying to purchase something but my credit card keeps getting rejected,technical_issues-rejected_credit_card
My credit card keeps getting rejected when I try and make a purchase.,technical_issues-rejected_credit_card
Hi. I am trying to make a purchase and my credit card keeps getting declined. I can't figure out why because my credit card is working fine for other things.,technical_issues-rejected_credit_card
my credit card keeps getting rejected while i'm trying to order something,technical_issues-rejected_credit_card
"Hi, my credit card keeps getting rejected.",technical_issues-rejected_credit_card
"Hi, I'm trying to make a purchase however my credit card has been rejected several times.",technical_issues-rejected_credit_card
"Hello. I wanted to purchase something, but my credit card keeps getting rejected.",technical_issues-rejected_credit_card
"Hello, I would like to purchase something on the site but my credit card keeps coming back as rejected",technical_issues-rejected_credit_card
"Hi, I have an issue with the website",technical_issues-general_issue
Hi I am having some issues with your website,technical_issues-general_issue
"Hi. I am really upset right now. I want to search on your site, but it's broken",technical_issues-general_issue
"yo, what is wrong with the website?",technical_issues-general_issue
Hello. I have an issue and I really need help,technical_issues-general_issue
Hello. Can you help me with an issue with your website?,technical_issues-general_issue
I think the issue is with your site,technical_issues-general_issue
HI! I am having an issue with your site,technical_issues-general_issue
I'm having issue with the webpage,technical_issues-general_issue
I have an issue I need help with,technical_issues-general_issue
I have an issue and I need assistance,technical_issues-general_issue
Hi can you help with an issue?,technical_issues-general_issue
I am having issues with searching on your site,technical_issues-general_issue
I need help with an issue,technical_issues-general_issue
I have an issue and I need your help,technical_issues-general_issue
I have an issue maybe you can help me,technical_issues-general_issue
seems the issue is with your website,technical_issues-general_issue
still same issue on your site,technical_issues-general_issue
I have an issue and need help,technical_issues-general_issue
I am having trouble browsing your website,technical_issues-general_issue
I have an issue that I need assistance with.,technical_issues-general_issue
I have an issue and I need help,technical_issues-general_issue
Are you able to help me with that issue ?,technical_issues-general_issue
I forgot my password and can't get into my account.,login_issues-forgot_password
Hi I forgot my password,login_issues-forgot_password
"HI, I can't access my account because I lost my password.",login_issues-forgot_password
i want to reactivate my account. because i forgot my password,login_issues-forgot_password
the paper that had my password got soaked by accident,login_issues-forgot_password
I forgot the password to my account.,login_issues-forgot_password
"Hello, I cannot access my account because I forgot what my password is",login_issues-forgot_password
"hello, i forgot my password",login_issues-forgot_password
I forgot my password and cannot access my account history,login_issues-forgot_password
"Hi, I cant access my account. It seems I forgot my password",login_issues-forgot_password
but i seem to have forgotten my password :(,login_issues-forgot_password
Hi! I cannot access my account because I have forgotten my password,login_issues-forgot_password
"Hi, I can't access my account because I forgot my password.",login_issues-forgot_password
I seem to have forgotten my password and can't access my account,login_issues-forgot_password
"Hi, I am unable to access my account because I have forgotten my password",login_issues-forgot_password
I forgot my password - now can't access my acc,login_issues-forgot_password
I forgot my password and cant access my account,login_issues-forgot_password
i would like to have access to my account. i forgot my password,login_issues-forgot_password
I have forgotten my password so I can't log into my account.,login_issues-forgot_password
Hi I am having an issue logging into my account. I forgot my password,login_issues-forgot_password
because i for got my password,login_issues-forgot_password
Hi! I forgot the password to my account and now I can't access it. Can you help me?,login_issues-forgot_password
I don't remember my password,login_issues-forgot_password
Hello. I want to access my account but I forgot my password. Can you help?,login_issues-forgot_password
I forgot password,login_issues-forgot_password
Hi I can't log into my account because I forgot my password. Can you help?,login_issues-forgot_password
I forgot the password to get into my account,login_issues-forgot_password
"i would like to view my shopping history online, but i forgot my password. i have my username though",login_issues-forgot_password
"Hi I'm having trouble accessing my account, I forgot my password. Can you help me?",login_issues-forgot_password
Hi! I can not access my account.  I forgot my password,login_issues-forgot_password
But I can't get into my account! I forgot my password,login_issues-forgot_password
"Hi, I can't get into my account because I totally forgot my password.",login_issues-forgot_password
but forgot my password,login_issues-forgot_password
"Hi, I'm trying to get into my account and can't remember my password.  Can you help?",login_issues-forgot_password
I forgot my password and can't access my account.,login_issues-forgot_password
i forgot my password!,login_issues-forgot_password
"Hello, I am not able to access my account because I seemed to have forgotten my password",login_issues-forgot_password
HI! I need to access my acount but unfortunately I forgot my password?,login_issues-forgot_password
Hi! Good afternoon. I can't access my account because I forgot my password. Can you help?,login_issues-forgot_password
I forget my password,login_issues-forgot_password
Hello. I can't get into my account because I forgot my password. Can you help me?,login_issues-forgot_password
"Hello, i cannot get into my account as i forgot my password",login_issues-forgot_password
"Hi, I forgot my password, so I am unable to access my account :(",login_issues-forgot_password
I forgotten my password,login_issues-forgot_password
I forgot my password so I can't login.,login_issues-forgot_password
because i forgot my password,login_issues-forgot_password
username is alberts1.. I forgot password actually,login_issues-forgot_password
"hi, i cannot get into my account because i lost my password",login_issues-forgot_password
I can't remember my password,login_issues-forgot_password
Hello! I cannot login in to my account because I seem to have forgotten my password,login_issues-forgot_password
"hi, I want to look at my shopping history but I don't remember my password",login_issues-forgot_password
I have forgotten my password.,login_issues-forgot_password
hey I lost my freaking password,login_issues-forgot_password
but I can't remember my password,login_issues-forgot_password
When does your spring collection arrive?,shopping_issues-release_date_for_collection
When will the new collection come out for fall?,shopping_issues-release_date_for_collection
can you tell me when your spring collection will be released?,shopping_issues-release_date_for_collection
i was wanting to know when your spring collection is coming out,shopping_issues-release_date_for_collection
"Hello, when will you be releasing your spring collection?",shopping_issues-release_date_for_collection
When does the fall collection release?,shopping_issues-release_date_for_collection
CAn you tell me when the spring collection will be available?,shopping_issues-release_date_for_collection
"Hi, Can you please tell me when the Spring collection is available?",shopping_issues-release_date_for_collection
When will the Spring collection be available?,shopping_issues-release_date_for_collection
when does the Spring collection arrive?,shopping_issues-release_date_for_collection
Hey could you tell me when the fall collection will be released?,shopping_issues-release_date_for_collection
Yes i was wondering when would you guys fall collection be coming out.?,shopping_issues-release_date_for_collection
"Hello, can you tell me when the fall collection is going to be released?",shopping_issues-release_date_for_collection
I was wondering when the spring collection will be available for purchasing?,shopping_issues-release_date_for_collection
"Hi, just checking to see when the spring collection is coming out?",shopping_issues-release_date_for_collection
Could you tell me when the spring collection is going to come out?,shopping_issues-release_date_for_collection
I would like to know when the spring collection will drop?,shopping_issues-release_date_for_collection
"Hello, can you tell me when the spring collection is going to be released?",shopping_issues-release_date_for_collection
When will the fall collection be out?,shopping_issues-release_date_for_collection
I want to know when the spring collection is coming out,shopping_issues-release_date_for_collection
I'm thinking about buying thses boots,shopping_issues-item_question
Do you have jeans with ripped holes,shopping_issues-item_question
Hi! I was considering buying a pair of Guess boots but needed some information,shopping_issues-item_question
Calvin Kelin Jeans,shopping_issues-item_question
I am looking to buy some boots,shopping_issues-item_question
Calvin Klein jeans and a Guess jacket,shopping_issues-item_question
the site doesnt' say if these boots are waterproof? are they waterproof?,shopping_issues-item_question
i am looking for a particular style of jeans,shopping_issues-item_question
Hi. I would like to know more about a pair of boots I'm looking at.,shopping_issues-item_question
"I'm looking at a pair of Guess boots that I might buy, but would like to know a little more about them.",shopping_issues-item_question
I was wondering if you have details about a pair of boots im looking at.,shopping_issues-item_question
Hi there - there's a pair of boots I'm thinking about ordering but I wanted to get some more information first,shopping_issues-item_question
"Calvin Klein jeans, they are $74",shopping_issues-item_question
Hello! I have a question about some jeans on your site,shopping_issues-item_question
I'm thinking about buying a pair of your Guess boots and I would like some more info about them.,shopping_issues-item_question
I'd like to know more about a pair of jeans,shopping_issues-item_question
hi i love these calvin klein jeans,shopping_issues-item_question
would like to know more a product i am thinking about buying. are the jeans dark blue or black? they are a pair of calvin klein jeans,shopping_issues-item_question
"Hi, I would like to now more about some boots I want to buy",shopping_issues-item_question
Hi I was looking at a pair of boots and have a question,shopping_issues-item_question
"Hi, I recently ordered a pair of jeans from your website",shopping_issues-item_question
Hello I have a question about the Guess boots.,shopping_issues-item_question
Hi I have a question about a pair of boots you have on your site,shopping_issues-item_question
I'm looking for some information about a pair of shoes on your site.,shopping_issues-item_question
Hi! I was looking at a pair of boots and would like some information on it please,shopping_issues-item_question
some jeans from Michael_Kors for $99,shopping_issues-item_question
ok the Michael Kors jeans,shopping_issues-item_question
i am thinking about buying a pair of boots,shopping_issues-item_question
would like to add a pair of guess jeans,shopping_issues-item_question
Hi I have a question about a pair of boots I am looking at.,shopping_issues-item_question
Hi I have a question about a jacket you have on your site,shopping_issues-item_question
i would like to know if the jeans are dark blue or black.,shopping_issues-item_question
"Hi, I'd like some information about a pair of boots.",shopping_issues-item_question
i am thinking about buying boots and i have a quetsion,shopping_issues-item_question
wondering about the durability and longevity of these boots before taking the plunge,shopping_issues-item_question
Hi. I have a question about some boots on your site,shopping_issues-item_question
I'd like to get more information on the Guess boots.,shopping_issues-item_question
Hi! I just have a quick question about these Hilfiger boots,shopping_issues-item_question
i'm hoping to get a little more info on some boots before i buy them,shopping_issues-item_question
hi i am reall interested in these calvin klein boots,shopping_issues-item_question
"hi, i am trying to find out more about guess jeans you have for $49",shopping_issues-item_question
Okay. What do those levels mean? What is the difference between them?,membership_enquiries-membership_levels_and_benefits
What are some benefits of membership?,membership_enquiries-membership_levels_and_benefits
Hello can you explain your membership levels to me please?,membership_enquiries-membership_levels_and_benefits
Could you tell me what different membership levels there are and what benefits come with each?,membership_enquiries-membership_levels_and_benefits
"Hi, I was just wondering if you could help me understand the different membership levels and what they offer.",membership_enquiries-membership_levels_and_benefits
i was wondering if you could explain the difference in membership levels for me,membership_enquiries-membership_levels_and_benefits
"Hi, can you explain the different membership levels to me?",membership_enquiries-membership_levels_and_benefits
Hi I have a general question. I was thinking of joining but I don't know about the membership levels. How many are they and what do they give you?,membership_enquiries-membership_levels_and_benefits
What are the benefit of membership?,membership_enquiries-membership_levels_and_benefits
"Hi, can you please tell me what the membership levels are?  Thanks.",membership_enquiries-membership_levels_and_benefits
Can you tell me about all the membership levels?,membership_enquiries-membership_levels_and_benefits
What are all the membership levels and how do they differ?,membership_enquiries-membership_levels_and_benefits
"Yes, can you please tell me what the different membership levels are?",membership_enquiries-membership_levels_and_benefits
can you tell me about the membership levels?,membership_enquiries-membership_levels_and_benefits
What are all the membership level?,membership_enquiries-membership_levels_and_benefits
i wanted to know if you could tell me what all the membership levels do?,membership_enquiries-membership_levels_and_benefits
Can you tell me what the membership levels are? I would like to know more about this,membership_enquiries-membership_levels_and_benefits
Hi! Can I ask about the membership. What levels are there and what benefits from each level?,membership_enquiries-membership_levels_and_benefits
"Hi, can you explain the different benefits of the different membership levels?",membership_enquiries-membership_levels_and_benefits
Everything and never looking for is out of stock. It is so annoying!,shopping_issues-always_out_of_stock
"Every time that I look at something on your website, it is out of stock. It is extremely frustrating. Don't you people know how to order?",shopping_issues-always_out_of_stock
Well many items always seem to be out of stock,shopping_issues-always_out_of_stock
Every single time that I find something I want to buy it seems to be out of stock,shopping_issues-always_out_of_stock
There are MANY items that ALWAYS seem to be out of stock!,shopping_issues-always_out_of_stock
The item I am trying to order is always out of stock.,shopping_issues-always_out_of_stock
Every time I try to order something I'm told it's out of stock. Nothing ever seems to be available.,shopping_issues-always_out_of_stock
"If they're out of stock, then why even have them on your website?",shopping_issues-always_out_of_stock
I have attempted to order many items today and they are all out of stock.  I am very disappointed :(,shopping_issues-always_out_of_stock
Every time I look at something on your website it is out of stock. What seems to be the problem?,shopping_issues-always_out_of_stock
Every time I try to order something it says it's out of stock.,shopping_issues-always_out_of_stock
Items are ALWAYS out of stock!,shopping_issues-always_out_of_stock
"It's just every time I see something I like and try to order it, it always says it's out of stock.",shopping_issues-always_out_of_stock
The items i have been trying is always out of stock,shopping_issues-always_out_of_stock
"Hello I am inquiring about my annual subscription fee. When is it due, please?",membership_enquiries-when_is_annual_fee_due
"Hello I was wondering when my annual fee is due for my subscription, please",membership_enquiries-when_is_annual_fee_due
"Hello, I have a question about my subscription. I would like to know when the annual fee is due",membership_enquiries-when_is_annual_fee_due
"I was on my account page, but I couldn't find any details about the subscription.  Can you let me know when my annual fee is due?",membership_enquiries-when_is_annual_fee_due
I want to check on the status of my subscription. When is the annual fee due?,membership_enquiries-when_is_annual_fee_due
I would like to know when the annual fee is due,membership_enquiries-when_is_annual_fee_due
"Hello, I would like to find out when the annual fee is due for the premium subscription?",membership_enquiries-when_is_annual_fee_due
"Hi, I want to know when my annual subscription fee is due",membership_enquiries-when_is_annual_fee_due
"Hi, I'm trying to find the status of my subscription. I don't know when the fee is due, and I can't find it anywhere in my account.",membership_enquiries-when_is_annual_fee_due
Hi. I would like to know when the annual fee is due on my subscription,membership_enquiries-when_is_annual_fee_due
"Hi, I'd like to check on my subscription status? I'm not sure when the annual payment is",membership_enquiries-when_is_annual_fee_due
"Hello, I would like to know when my annual fee is due for my premium subscription membership",membership_enquiries-when_is_annual_fee_due
I wanna know when the annual fee is due,membership_enquiries-when_is_annual_fee_due
"Hello, I have a question about the status of my subscription. I would like to know when the annual fee is due",membership_enquiries-when_is_annual_fee_due
Can you tell me when my fee is due for the annual subscription,membership_enquiries-when_is_annual_fee_due
that seems to have worked,technical_issues-its_fixed
that semeed to work!!,technical_issues-its_fixed
hey it worked!,technical_issues-its_fixed
yes I guess that works for me,technical_issues-its_fixed
that works,technical_issues-its_fixed
works for me,technical_issues-its_fixed
seems to be working fine.,technical_issues-its_fixed
Its working!,technical_issues-its_fixed
that worked,technical_issues-its_fixed
wow it worked this time!,technical_issues-its_fixed
Now it worked!,technical_issues-its_fixed
That did the trick :),technical_issues-its_fixed
oh now its workign!!,technical_issues-its_fixed
ok that seemed to work,technical_issues-its_fixed
ok. search is working now,technical_issues-its_fixed
the search bar is working now,technical_issues-its_fixed
ok it is now working,technical_issues-its_fixed
"Yes, that seems to have fixed it.  Thank you!",technical_issues-its_fixed
It works now,technical_issues-its_fixed
Oh wait. Now it worked,technical_issues-its_fixed
"Ahhh, that worked!!!",technical_issues-its_fixed
"Yeah, that seems to have fixed it.",technical_issues-its_fixed
The search works now,technical_issues-its_fixed
that seemed to have worked!,technical_issues-its_fixed
worked*,technical_issues-its_fixed
yes it is now working,technical_issues-its_fixed
yes it worked,technical_issues-its_fixed
"There it is, now it is working",technical_issues-its_fixed
Now I am able to search,technical_issues-its_fixed
it seem to working now,technical_issues-its_fixed
It has worked!,technical_issues-its_fixed
hey it works now!,technical_issues-its_fixed
ok it's working now,technical_issues-its_fixed
"Hey, that fixed it! Perfect.",technical_issues-its_fixed
oh hey that seemed to have worked!,technical_issues-its_fixed
Sweet! It worked,technical_issues-its_fixed
yes that will work fine!,technical_issues-its_fixed
yes that seem to do the trick,technical_issues-its_fixed
that worked like a charm,technical_issues-its_fixed
That seems to have fixed the problem.  Thanks for your help!,technical_issues-its_fixed
It's working now.  That fixed the search problem.  Thank you!,technical_issues-its_fixed
its working now!,technical_issues-its_fixed
that seemed to work,technical_issues-its_fixed
oh hey that worked!,technical_issues-its_fixed
Working now,technical_issues-its_fixed
That fixed the problem! Thank you very much!,technical_issues-its_fixed
ok how its work,technical_issues-its_fixed
"yes, that is working fine.",technical_issues-its_fixed
I can browse now!,technical_issues-its_fixed
Bingo!  It's working now.,technical_issues-its_fixed
ok it works,technical_issues-its_fixed
yay that worked,technical_issues-its_fixed
It's working fine now,technical_issues-its_fixed
ok it is working now,technical_issues-its_fixed
The search bar is back working for me.,technical_issues-its_fixed
yes that seems to have worke,technical_issues-its_fixed
Now it does!,technical_issues-its_fixed
"wow, that completely fixed the problem. Thanks for the help!",technical_issues-its_fixed
hey that seemed to work! the search is working fine now,technical_issues-its_fixed
okay that seemed to work,technical_issues-its_fixed
Now it's working,technical_issues-its_fixed
I would like to know if my shopping cart qualifies for free shipping,shipping_issues-do_i_qualify_for_free_shipping
hello i am about to buy a few items and i would like to know my cart qualifies for free shipping,shipping_issues-do_i_qualify_for_free_shipping
"Hi, I was wondering if I qualify for free shipping?",shipping_issues-do_i_qualify_for_free_shipping
Hi. I am wondering if my cart qualifies for free shipping?,shipping_issues-do_i_qualify_for_free_shipping
I was wondering if my shopping cart currently qualifies for free shipping?,shipping_issues-do_i_qualify_for_free_shipping
"Hi, I'd like to know if what I currently have in my cart would qualify for your free shipping?",shipping_issues-do_i_qualify_for_free_shipping
yes i want to place and order and i want to see if my items in my cart qualifies from free shipping,shipping_issues-do_i_qualify_for_free_shipping
Do I qualify for free shipping for the cart order.,shipping_issues-do_i_qualify_for_free_shipping
"Hi, I was wondering if you provide free shipping for my order internationally",shipping_issues-do_i_qualify_for_free_shipping
I am trying to see if the items in my shopping cart qualify for free shipping?,shipping_issues-do_i_qualify_for_free_shipping
Hi. Am I going to get free shipping for my order?,shipping_issues-do_i_qualify_for_free_shipping
I was wanting to know if my order qualifies for free shipping?,shipping_issues-do_i_qualify_for_free_shipping
How can I know if my shopping cart qualifies for free shipping?,shipping_issues-do_i_qualify_for_free_shipping
yes i would like to know if my shopping cart qualifies for free shipping because i'm wanting to buy some things,shipping_issues-do_i_qualify_for_free_shipping
Does my shopping car qualify for free shipping?,shipping_issues-do_i_qualify_for_free_shipping
Yes i would like to know what woudl happen if i was late on my subscription payment,membership_enquiries-what_happens_if_late_with_payment
I'd like to know what happens if I'm late on my payment,membership_enquiries-what_happens_if_late_with_payment
I would like to know what would happen if I am late on my subscription payment,membership_enquiries-what_happens_if_late_with_payment
"I'm thinking of placing an order, what happens if I make a subscription payment late?",membership_enquiries-what_happens_if_late_with_payment
"Hi. I'm really want to purchase a nice shirt, but it's really expensive. What would happen if I end up being late paying for my subscription?",membership_enquiries-what_happens_if_late_with_payment
Hello! What happens if I am late on a subsciption payment?,membership_enquiries-what_happens_if_late_with_payment
Hi. What happens if I’m late on subscription payment,membership_enquiries-what_happens_if_late_with_payment
"yes, i would like to know what happens if i'm late on a subscription payment?",membership_enquiries-what_happens_if_late_with_payment
"Hi, I was wondering what happens if I'm late paying my subscription fee?",membership_enquiries-what_happens_if_late_with_payment
i keep trying to search for an item,technical_issues-search_issue-general_search_issue
Your search bar isn't working,technical_issues-search_issue-general_search_issue
Bottom line:  the search bar doesn't work.,technical_issues-search_issue-general_search_issue
"Hi, I am having a hard time with the website and it is frustrating. I can't seem to get the search bar to work.",technical_issues-search_issue-general_search_issue
"Hi, I'm having a lot of trouble with the search function on the website today",technical_issues-search_issue-general_search_issue
The search bar isn't working for me,technical_issues-search_issue-general_search_issue
My search bar isn't working,technical_issues-search_issue-general_search_issue
search bar not working,technical_issues-search_issue-general_search_issue
The searches won't go through,technical_issues-search_issue-general_search_issue
The search seems to be fixed,technical_issues-search_issue-general_search_issue
The search bar does not seem to work.,technical_issues-search_issue-general_search_issue
The search results are broken,technical_issues-search_issue-general_search_issue
why doesn't search bar work,technical_issues-search_issue-general_search_issue
The search bar doesn't seem to be working right,technical_issues-search_issue-general_search_issue
The search bar doesn't seem to be working either.,technical_issues-search_issue-general_search_issue
my search isn't working,technical_issues-search_issue-general_search_issue
the search bar is not working,technical_issues-search_issue-general_search_issue
The search bar doesn't seem to be working.,technical_issues-search_issue-general_search_issue
Hi John. I been trying to look around your site and i just can't get the search bar to work.,technical_issues-search_issue-general_search_issue
The search bar is broken,technical_issues-search_issue-general_search_issue
Search bar isn't working.,technical_issues-search_issue-general_search_issue
search is NOT working,technical_issues-search_issue-general_search_issue
The search bar doesn't work when I am searching for an item.,technical_issues-search_issue-general_search_issue
I'm currently having an issue with the search,technical_issues-search_issue-general_search_issue
search bar,technical_issues-search_issue-general_search_issue
The search bar isn't working,technical_issues-search_issue-general_search_issue
the search bar does not work,technical_issues-search_issue-general_search_issue
The search bar isn't working properly.,technical_issues-search_issue-general_search_issue
attempt to find out what the search bar doesn't work.,technical_issues-search_issue-general_search_issue
I am frustrated because the search function on your website doesn't seem to work,technical_issues-search_issue-general_search_issue
I would like to change the number on my account. The is off by one,change_details-change_phone_number
Hi i would like to change the phone number on my account,change_details-change_phone_number
"I need to change the phone number on my account, one of the numbers is off.",change_details-change_phone_number
I would like to change the phone number on the account,change_details-change_phone_number
I would like to change the phone number on my account,change_details-change_phone_number
I need to fix the phone number on my account,change_details-change_phone_number
Hi I’d like to change the phone number associated with my account,change_details-change_phone_number
I wanna change the phone number on my account now.,change_details-change_phone_number
i need to change my phone number on my account,change_details-change_phone_number
I would like to change the phone number on my account.  It is currently wrong.,change_details-change_phone_number
Hello. I want to change the phone number on my account. It's currently off by one digit.,change_details-change_phone_number
Hi!  I need to change the phone number on my account,change_details-change_phone_number
I want to change the phone number on my account,change_details-change_phone_number
I need to change my phone number,change_details-change_phone_number
"Hi there, I would like to change my phone number in the account I have with you",change_details-change_phone_number
"Hi, how do i change my phone number on my account?  It is off by one digit.  Thanks.",change_details-change_phone_number
Hi! I would like to change my phone number on my account. It's off by one digit.,change_details-change_phone_number
I need the change the phone number on my account,change_details-change_phone_number
I would like to change the phone number on my account because it is off by one,change_details-change_phone_number
"Hello, I'd like to change the phone number on my account",change_details-change_phone_number
That is very helpful,feedback-been_very_helpful
That was very helpful,feedback-been_very_helpful
You've been quite helpful actually,feedback-been_very_helpful
Thats very helpful,feedback-been_very_helpful
awesome thank you . goodbye,feedback-been_very_helpful
you are a great help,feedback-been_very_helpful
youve been really helpful,feedback-been_very_helpful
You're very helpful,feedback-been_very_helpful
that is really helpful,feedback-been_very_helpful
You've been a great help,feedback-been_very_helpful
thats helpful,feedback-been_very_helpful
Youve been helpful,feedback-been_very_helpful
that's helpful,feedback-been_very_helpful
very helpful,feedback-been_very_helpful
You were very helpful!,feedback-been_very_helpful
you have been very helpful,feedback-been_very_helpful
You've been very helpful,feedback-been_very_helpful
Hello. I want to pay my subscription fee please.,membership_enquiries-pay_subscription_fee
Yes i would like to pay my subscription fee,membership_enquiries-pay_subscription_fee
I am hoping to pay my subscription fee to keep it active.,membership_enquiries-pay_subscription_fee
Yes i would like to pay my subscription fee to keep it active please,membership_enquiries-pay_subscription_fee
I would like to pay the subscription fee,membership_enquiries-pay_subscription_fee
I want to pay my subscription fee,membership_enquiries-pay_subscription_fee
"Hi, I want to pay my subscription fee please.",membership_enquiries-pay_subscription_fee
Yes i would like to pay my subscription fee please,membership_enquiries-pay_subscription_fee
Hi...I would like to pay the subscription fee so I can keep my premium subscription going please,membership_enquiries-pay_subscription_fee
"Hello, I would like to pay my premium subscription fee.",membership_enquiries-pay_subscription_fee
I would like to pay for my subscription fee,membership_enquiries-pay_subscription_fee
I want to pay my subscription fee so my membership stays active.,membership_enquiries-pay_subscription_fee
I would like to pay my subscription fee,membership_enquiries-pay_subscription_fee
Yes i would like to pay my subscription fee to keep it active,membership_enquiries-pay_subscription_fee
"Hello, I wanted to know what the benefits of a premium membership are?",membership_enquiries-premium_membership_enquiry
I would like to know the benefits of the premium membership,membership_enquiries-premium_membership_enquiry
Hi! I want to know the benefits of having a premium membership,membership_enquiries-premium_membership_enquiry
I would like to know about the benefits of getting a premium membership.,membership_enquiries-premium_membership_enquiry
I would love to know the benefits of premium membership,membership_enquiries-premium_membership_enquiry
"Hi, I want to know the benefits of premium membership",membership_enquiries-premium_membership_enquiry
I would like to know what the benefits of premium membership,membership_enquiries-premium_membership_enquiry
"Hi, I just want to know the benefits of premium membership",membership_enquiries-premium_membership_enquiry
"Hello, I am wondering about your premium memberships",membership_enquiries-premium_membership_enquiry
I just wanted to know the benefits of having a premium membership,membership_enquiries-premium_membership_enquiry
I am looking to find out the benefits of a premium membership,membership_enquiries-premium_membership_enquiry
"Hello, I would like to know the benefits of a premium membership",membership_enquiries-premium_membership_enquiry
I would like to know what benefits are attached to the premium membership,membership_enquiries-premium_membership_enquiry
"Hi, I have a premium subscription, but I have some questions",membership_enquiries-premium_membership_enquiry
I want to know the benefits of premium membership,membership_enquiries-premium_membership_enquiry
"Hi, I have a question about premium membership.",membership_enquiries-premium_membership_enquiry
Hi I’m wondering what the benefits of the premium membership are,membership_enquiries-premium_membership_enquiry
"Hello, I would like to know what the benefits of premium membership are.",membership_enquiries-premium_membership_enquiry
"Hello, I want to check out the status of my subscription",membership_enquiries-subscription_status
"Hello, I want check my subscription status.",membership_enquiries-subscription_status
"Hello, I want to check the status of subscription .",membership_enquiries-subscription_status
I'd like to check the status of my subscription,membership_enquiries-subscription_status
I want to check subscription status.,membership_enquiries-subscription_status
I want to check the subscription status.,membership_enquiries-subscription_status
Hi I'd like to check the status of my subscription please.,membership_enquiries-subscription_status
and i want to check the status of the subscription,membership_enquiries-subscription_status
I would like to check the status of my subscription,membership_enquiries-subscription_status
I'd like to check on the status of my subscription please,membership_enquiries-subscription_status
I wanted to check the status of my subscription,membership_enquiries-subscription_status
"Hi, I want to check the status of subscription",membership_enquiries-subscription_status
I want to check up on the status of my subscription.,membership_enquiries-subscription_status
I want to check my subscription status.,membership_enquiries-subscription_status
I'm needing to check on the status of my subscription.,membership_enquiries-subscription_status
I want to check the status of my subscription,membership_enquiries-subscription_status
I want to check on my subscription status,membership_enquiries-subscription_status
i would like to check the status of my subscription account,membership_enquiries-subscription_status
I am really frustrated. I try and search for an item and 0 results are returned. Why doesn't the search bar work?,technical_issues-search_issue-no_search_results
Everytime I search for an item it is showing 0 results.  Like nothing is pulling up.,technical_issues-search_issue-no_search_results
Hello! I tried to search for an item but there are 0 results being returned. Do you know what's happening?,technical_issues-search_issue-no_search_results
"Hello, everytime I try and search for something on the website it is coming up with 0 results",technical_issues-search_issue-no_search_results
"Hi! I have been trying to look up an item. However, every time I search for an item it comes back with 0 results.",technical_issues-search_issue-no_search_results
"Every time i search for an item there are 0 results are being returned, it's frustrating",technical_issues-search_issue-no_search_results
I am trying to shop online and every time I look up an item 0 results are being returned.  :(,technical_issues-search_issue-no_search_results
HI! Every time I search on your website it says 0 results found.,technical_issues-search_issue-no_search_results
"hello, i dont know what is going on but every time i search for an item i get 0 results",technical_issues-search_issue-no_search_results
I keep trying to search for items and I always get zero results returned.,technical_issues-search_issue-no_search_results
"Hello, I am trying to search for items on the website and there is nothing being found. so 0 results",technical_issues-search_issue-no_search_results
"Hi, everytime I search for an item I get 0 results. I am frustrated. Can you help me solve this problem.",technical_issues-search_issue-no_search_results
"Hi I have a general question. Everytime I search for an item there are 0 results being returned, so I want to find out what's going on.",technical_issues-search_issue-no_search_results
"Yes I seem to have a problem.  Every single instance where I try to search for an item, I get zero results.",technical_issues-search_issue-no_search_results
"Anytime I search I see 0 results, how can I fix this?",technical_issues-search_issue-no_search_results
"Every time I try to do a search, 0 results are returned. No matter what I search for, no products pop up.",technical_issues-search_issue-no_search_results
"every time i search, there are 0 results being returned",technical_issues-search_issue-no_search_results
"Hello, Every time I go to search on the website for an item there is 0 results being returned and its quite frustrating",technical_issues-search_issue-no_search_results
Every time I search for something it says 0 results found,technical_issues-search_issue-no_search_results
"Everytime I use the search function on  your site,  I get zero results.",technical_issues-search_issue-no_search_results
"Every time I search for an item I get 0 results being returned, I don't know why it is happening",technical_issues-search_issue-no_search_results
I’m trying to search for items but it’s saying there are 0 results,technical_issues-search_issue-no_search_results
"no, no matter how I search, it always return 0",technical_issues-search_issue-no_search_results
Every time I search for an item there are no results being returned,technical_issues-search_issue-no_search_results
"every time I search for an item I keep getting ""0 results"" being returned. I don't know what to do",technical_issues-search_issue-no_search_results
"every time I search for something, there are 0 results",technical_issues-search_issue-no_search_results
"Every time i try to search for an item, it shows 0 results",technical_issues-search_issue-no_search_results
I've been searching for an item and each time I do it comes up with 0 results.,technical_issues-search_issue-no_search_results
