,audio_volume_mute,alarm_query,audio_volume_up,audio_volume_down,calendar_query,calendar_remove,alarm_set,alarm_remove,audio_volume_other,Total
alarm_query,70,0,0,0,25,0,10,0,0,105
audio_volume_up,7,60,0,11,0,0,0,0,3,81
alarm_set,0,5,40,0,1,22,0,4,0,72
audio_volume_mute,0,0,4,30,1,2,0,2,1,40
calendar_query,20,1,0,0,0,5,2,0,0,28
calendar_remove,0,0,0,0,6,0,10,1,0,17
alarm_remove,1,0,0,0,0,1,6,0,0,8
audio_volume_down,5,0,2,0,0,0,0,0,0,7
audio_volume_other,1,0,1,0,0,0,0,0,0,2
Total,104,66,47,41,33,30,28,7,4,360
